{
    "X Offset" : -0.1524,

    "A_2" : 1187.12208828,
    "A_1" : -8.67958376913,
    "A_0" : 3821.00395211,

    "B_2" : -71.1337924287,
    "B_1" : 30.3259231665,
    "B_0" : -2188.0029602,

    "C_2" : -1062.79402273,
    "C_0" : 324.372393552,

    "D_3" : 0.488070913853,
    "D_2" : -35.5668962144,
    "D_1" : -0.130022791315,
    "D_0" : -8.66709185165,
    
    "E_2" : -0.532802867881,
    "E_1" : 1.06560573576,
    "E_0" : 0.0591344083965
}