{
    "X Offset" : 0.127,

    "A_2" : 609.787588505,
    "A_1" : -6.22071774532,
    "A_0" : 1767.77846119,

    "B_2" : -50.9820812407,
    "B_1" : 20.7191102992,
    "B_0" : -1071.99270618,

    "C_2" : -524.825986293,
    "C_0" : 176.301653236,

    "D_3" : 0.488070913853,
    "D_2" : -25.4910406203,
    "D_1" : -0.130022791315,
    "D_0" : -6.3641916414,
    
    "E_2" : -0.532802867881,
    "E_1" : 1.06560573576,
    "E_0" : 0.0626362911906
}