{
    "X Offset" : 0.1,

    "A_2" : 608.96086122,
    "A_1" : 3.2649279445,
    "A_0" : 1943.59901235,

    "B_2" : -52.5515251458,
    "B_1" : -11.0805985656,
    "B_0" : -1156.0977497,

    "C_2" : -519.770045598,
    "C_0" : 192.356371979,

    "D_3" : -0.248512516844,
    "D_2" : -26.2757625729,
    "D_1" : 0.0704384115223,
    "D_0" : -7.1916423575,
    
    "E_2" : -0.566880191121,
    "E_1" : 1.13376038224,
    "E_0" : 0.0747694858603
}