{
    "X Offset" : 0.2,

    "A_2" : 62415.2648295,
    "A_1" : 33.0540225786,
    "A_0" : 203387.661642,

    "B_2" : -532.029903336,
    "B_1" : -111.528183815,
    "B_0" : -119231.155339,

    "C_2" : -61517.6834625,
    "C_0" : 15484.3617321,

    "D_3" : -0.248512516844,
    "D_2" : -266.014951668,
    "D_1" : 0.0704384115223,
    "D_0" : -64.7708048368,
    
    "E_2" : -0.566880191121,
    "E_1" : 1.13376038224,
    "E_0" : 0.0592630801266
}