{
    "X Offset" : 0.1,

    "A_2" : 764.8505999,
    "A_1" : -6.966898958,
    "A_0" : 3025.40266794,

    "B_2" : -57.09743204,
    "B_1" : 27.0686111329,
    "B_0" : -1571.39038427,

    "C_2" : -653.870234211,
    "C_0" : 226.468313713,

    "D_3" : 0.4880709139,
    "D_2" : -28.54871602,
    "D_1" : -0.1300227913,
    "D_0" : -7.307417516,
    
    "E_2" : -0.5328028679,
    "E_1" : 1.065605736,
    "E_0" : 0.06574169533
}