{
    "X Offset" : 0.1,

    "A_2" : 764.328314065,
    "A_1" : -6.9645198437,
    "A_0" : 2446.68693156,

    "B_2" : -57.0779339316,
    "B_1" : 24.3607250426,
    "B_0" : -1412.24570513,

    "C_2" : -664.44422973,
    "C_0" : 223.267370798,

    "D_3" : 0.488070913853,
    "D_2" : -28.5389669658,
    "D_1" : -0.130022791315,
    "D_0" : -7.30491784499,
    
    "E_2" : -0.532802867881,
    "E_1" : 1.06560573576,
    "E_0" : 0.0657416953268
}